"old_code","new_code_0","new_code_1","date_change_1","change_type_1","new_code_2","date_change_2","change_type_2","new_code_3","date_change_3","change_type_3","final_code","experiences_split","direct_path_complicated","adjacent_to_complicated","part_of_complicated_path"
"00F","00F","13T",2015-04-01,"merger",NA,NA,NA,NA,NA,NA,"13T",0,"no",0,0
"00G","00G","13T",2015-04-01,"merger",NA,NA,NA,NA,NA,NA,"13T",0,"no",0,0
"00H","00H","13T",2015-04-01,"merger",NA,NA,NA,NA,NA,NA,"13T",0,"no",0,0
"00W","00W","14L",2017-04-01,"merger",NA,NA,NA,NA,NA,NA,"14L",0,"no",0,0
"01M","01M","14L",2017-04-01,"merger",NA,NA,NA,NA,NA,NA,"14L",0,"no",0,0
"01N","01N","14L",2017-04-01,"merger",NA,NA,NA,NA,NA,NA,"14L",0,"no",0,0
"02V","02V","15F",2018-04-01,"merger",NA,NA,NA,NA,NA,NA,"15F",0,"no",0,0
"03C","03C","15F",2018-04-01,"merger",NA,NA,NA,NA,NA,NA,"15F",0,"no",0,0
"03G","03G","15F",2018-04-01,"merger",NA,NA,NA,NA,NA,NA,"15F",0,"no",0,0
"04X","04X","15E",2018-04-01,"merger",NA,NA,NA,NA,NA,NA,"15E",0,"no",0,0
"05P","05P","15E",2018-04-01,"merger",NA,NA,NA,NA,NA,NA,"15E",0,"no",0,0
"0AA","0AA","0DE",2015-04-01,"merger",NA,NA,NA,NA,NA,NA,"0DE",0,"no",0,0
"0AC","0AC","0DF",2015-04-01,"merger",NA,NA,NA,NA,NA,NA,"0DF",0,"no",0,0
"0AE","0AE","0DF",2015-04-01,"merger",NA,NA,NA,NA,NA,NA,"0DF",0,"no",0,0
"0AF","0AF","0CE",2012-10-01,"merger","0CY",2014-10-01,"name_change","YDDTR",2016-04-01,"name_change","YDDTR",0,"no",0,0
"0AG","0AG","0CH",2013-03-14,"merger",NA,NA,NA,NA,NA,NA,"0CH",0,"no",0,0
"0AH","0AH","0CG",2013-03-13,"merger",NA,NA,NA,NA,NA,NA,"0CG",0,"no",0,0
"0AJ","0AJ","0CY",2014-10-01,"name_change","YDDTR",2016-04-01,"name_change",NA,NA,NA,"YDDTR",0,"no",0,0
"0AK","0AK","0DE",2015-04-01,"merger",NA,NA,NA,NA,NA,NA,"0DE",0,"no",0,0
"0AL","0AL","0CG",2013-03-13,"merger",NA,NA,NA,NA,NA,NA,"0CG",0,"no",0,0
"0AM","0AM","0DC",2014-10-01,"merger","0DJ",2017-04-01,"name_change",NA,NA,NA,"0DJ",0,"no",0,0
"0AN","0AN","0CE",2012-10-01,"merger","0CY",2014-10-01,"name_change","YDDTR",2016-04-01,"name_change","YDDTR",0,"no",0,0
"0AQ","0AQ","0DJ",2017-04-01,"name_change",NA,NA,NA,NA,NA,NA,"0DJ",0,"no",0,0
"0AV","0AV","0DA",2014-10-01,"name_change",NA,NA,NA,NA,NA,NA,"0DA",0,"no",0,0
"0AW","0AW","0DF",2015-04-01,"merger",NA,NA,NA,NA,NA,NA,"0DF",0,"no",0,0
"0AX","0AX","0DC",2014-10-01,"merger","0DJ",2017-04-01,"name_change",NA,NA,NA,"0DJ",0,"no",0,0
"0AY","0AY","0CF",2013-03-13,"merger","0DA",2014-10-01,"name_change",NA,NA,NA,"0DA",0,"no",0,0
"0CA","0CA","0CH",2013-03-14,"merger",NA,NA,NA,NA,NA,NA,"0CH",0,"no",0,0
"0CD","0CD","0CF",2013-03-13,"merger","0DA",2014-10-01,"name_change",NA,NA,NA,"0DA",0,"no",0,0
"10G","10G","15D",2018-04-01,"merger",NA,NA,NA,NA,NA,NA,"15D",0,"no",0,0
"10H","10H","14Y",2018-04-01,"merger",NA,NA,NA,NA,NA,NA,"14Y",0,"no",0,0
"10M","10M","15A",2018-04-01,"merger",NA,NA,NA,NA,NA,NA,"15A",0,"no",0,0
"10N","10N","15A",2018-04-01,"merger",NA,NA,NA,NA,NA,NA,"15A",0,"no",0,0
"10T","10T","15D",2018-04-01,"merger",NA,NA,NA,NA,NA,NA,"15D",0,"no",0,0
"10W","10W","15A",2018-04-01,"merger",NA,NA,NA,NA,NA,NA,"15A",0,"no",0,0
"10Y","10Y","14Y",2018-04-01,"merger",NA,NA,NA,NA,NA,NA,"14Y",0,"no",0,0
"11C","11C","15D",2018-04-01,"merger",NA,NA,NA,NA,NA,NA,"15D",0,"no",0,0
"11D","11D","15A",2018-04-01,"merger",NA,NA,NA,NA,NA,NA,"15A",0,"no",0,0
"11H","11H","15C",2018-04-01,"merger",NA,NA,NA,NA,NA,NA,"15C",0,"no",0,0
"11T","11T","15C",2018-04-01,"merger",NA,NA,NA,NA,NA,NA,"15C",0,"no",0,0
"12A","12A","15C",2018-04-01,"merger",NA,NA,NA,NA,NA,NA,"15C",0,"no",0,0
"12G","12G","13Y",2015-04-01,"merger",NA,NA,NA,NA,NA,NA,"13Y",0,"no",0,0
"12H","12H","13X",2015-04-01,"merger",NA,NA,NA,NA,NA,NA,"13X",0,"no",0,0
"12J","12J","13W",2015-04-01,"split","14J",2016-04-01,"split",NA,NA,NA,"14J",1,"split_from_multiple",0,1
"12J","12J","13W",2015-04-01,"split","14K",2016-04-01,"split",NA,NA,NA,"14K",1,"split_from_multiple",0,1
"12J","12J","14J",2016-04-01,"split",NA,NA,NA,NA,NA,NA,"14J",1,"no",0,1
"12K","12K","13W",2015-04-01,"split","14J",2016-04-01,"split",NA,NA,NA,"14J",1,"split_from_multiple",0,1
"12K","12K","13W",2015-04-01,"split","14K",2016-04-01,"split",NA,NA,NA,"14K",1,"split_from_multiple",0,1
"12K","12K","14K",2016-04-01,"split",NA,NA,NA,NA,NA,NA,"14K",1,"no",0,1
"12L","12L","13Y",2015-04-01,"merger",NA,NA,NA,NA,NA,NA,"13Y",0,"no",0,0
"12M","12M","13X",2015-04-01,"merger",NA,NA,NA,NA,NA,NA,"13X",0,"no",0,0
"12N","12N","13V",2015-04-01,"merger",NA,NA,NA,NA,NA,NA,"13V",0,"no",0,0
"12P","12P","13V",2015-04-01,"merger",NA,NA,NA,NA,NA,NA,"13V",0,"no",0,0
"12Q","12Q","13V",2015-04-01,"merger",NA,NA,NA,NA,NA,NA,"13V",0,"no",0,0
"12R","12R","14C",2015-04-01,"merger",NA,NA,NA,NA,NA,NA,"14C",0,"no",0,0
"12T","12T","14C",2015-04-01,"merger",NA,NA,NA,NA,NA,NA,"14C",0,"no",0,0
"12V","12V","14A",2015-04-01,"merger",NA,NA,NA,NA,NA,NA,"14A",0,"no",0,0
"12W","12W","14E",2015-04-01,"merger",NA,NA,NA,NA,NA,NA,"14E",0,"no",0,0
"12X","12X","14E",2015-04-01,"merger",NA,NA,NA,NA,NA,NA,"14E",0,"no",0,0
"12Y","12Y","14D",2015-04-01,"merger",NA,NA,NA,NA,NA,NA,"14D",0,"no",0,0
"13A","13A","14D",2015-04-01,"merger",NA,NA,NA,NA,NA,NA,"14D",0,"no",0,0
"13C","13C","14A",2015-04-01,"merger",NA,NA,NA,NA,NA,NA,"14A",0,"no",0,0
"13G","13G","14H",2015-04-01,"merger",NA,NA,NA,NA,NA,NA,"14H",0,"no",0,0
"13H","13H","14F",2015-04-01,"merger",NA,NA,NA,NA,NA,NA,"14F",0,"no",0,0
"13J","13J","14F",2015-04-01,"merger",NA,NA,NA,NA,NA,NA,"14F",0,"no",0,0
"13K","13K","14G",2015-04-01,"merger",NA,NA,NA,NA,NA,NA,"14G",0,"no",0,0
"13L","13L","14G",2015-04-01,"merger",NA,NA,NA,NA,NA,NA,"14G",0,"no",0,0
"13M","13M","14H",2015-04-01,"merger",NA,NA,NA,NA,NA,NA,"14H",0,"no",0,0
"13P","13P","15E",2018-04-01,"merger",NA,NA,NA,NA,NA,NA,"15E",0,"no",0,0
"320","320","327",2009-04-01,"name_change",NA,NA,NA,NA,NA,NA,"327",0,"no",0,0
"5A1","5A1","5QC",2006-10-01,"merger",NA,NA,NA,NA,NA,NA,"5QC",0,"no",0,0
"5A2","5A2","5PQ",2006-10-01,"merger",NA,NA,NA,NA,NA,NA,"5PQ",0,"no",0,0
"5A6","5A6","5M6",2002-04-01,"merger",NA,NA,NA,NA,NA,NA,"5M6",0,"no",1,1
"5AA","5AA","5NT",2006-10-01,"merger",NA,NA,NA,NA,NA,NA,"5NT",0,"no",0,0
"5AC","5AC","5PD",2006-10-01,"merger",NA,NA,NA,NA,NA,NA,"5PD",0,"no",1,1
"5AF","5AF","5PN",2006-10-01,"merger",NA,NA,NA,NA,NA,NA,"5PN",0,"no",0,0
"5AG","5AG","5PN",2006-10-01,"merger",NA,NA,NA,NA,NA,NA,"5PN",0,"no",0,0
"5AH","5AH","5PW",2006-10-01,"merger",NA,NA,NA,NA,NA,NA,"5PW",0,"no",0,0
"5AJ","5AJ","5PV",2006-10-01,"merger",NA,NA,NA,NA,NA,NA,"5PV",0,"no",0,0
"5AK","5AK","5P1",2006-10-01,"merger",NA,NA,NA,NA,NA,NA,"5P1",0,"no",0,0
"5AL","5AL","5N7",2006-10-01,"merger",NA,NA,NA,NA,NA,NA,"5N7",0,"no",0,0
"5AM","5AM","5N8",2006-10-01,"merger",NA,NA,NA,NA,NA,NA,"5N8",0,"no",0,0
"5AN","5AN","TAN",2007-09-01,"name_change",NA,NA,NA,NA,NA,NA,"TAN",0,"no",0,0
"5AP","5AP","5N8",2006-10-01,"merger",NA,NA,NA,NA,NA,NA,"5N8",0,"no",0,0
"5AV","5AV","5M7",2002-04-01,"merger",NA,NA,NA,NA,NA,NA,"5M7",0,"no",1,1
"5AW","5AW","5NY",2006-10-01,"merger",NA,NA,NA,NA,NA,NA,"5NY",0,"no",0,0
"5AX","5AX","TAK",2003-10-01,"name_change",NA,NA,NA,NA,NA,NA,"TAK",0,"no",0,0
"5C6","5C6","5NC",2003-04-01,"merger",NA,NA,NA,NA,NA,NA,"5NC",0,"no",1,1
"5C7","5C7","5NC",2003-04-01,"split",NA,NA,NA,NA,NA,NA,"5NC",1,"no",0,1
"5C7","5C7","5NA",2003-04-01,"split",NA,NA,NA,NA,NA,NA,"5NA",1,"no",0,1
"5C8","5C8","5NA",2003-04-01,"merger",NA,NA,NA,NA,NA,NA,"5NA",0,"no",1,1
"5CD","5CD","5QM",2006-10-01,"merger",NA,NA,NA,NA,NA,NA,"5QM",0,"no",0,0
"5CE","5CE","5QN",2006-10-01,"merger",NA,NA,NA,NA,NA,NA,"5QN",0,"no",0,0
"5CF","5CF","5NY",2006-10-01,"merger",NA,NA,NA,NA,NA,NA,"5NY",0,"no",0,0
"5CG","5CG","5NY",2006-10-01,"merger",NA,NA,NA,NA,NA,NA,"5NY",0,"no",0,0
"5CH","5CH","5NY",2006-10-01,"merger",NA,NA,NA,NA,NA,NA,"5NY",0,"no",0,0
"5CK","5CK","5N5",2006-10-01,"merger",NA,NA,NA,NA,NA,NA,"5N5",0,"no",0,0
"5CL","5CL","5NT",2006-10-01,"merger",NA,NA,NA,NA,NA,NA,"5NT",0,"no",0,0
"5CM","5CM","5P9",2006-10-01,"merger",NA,NA,NA,NA,NA,NA,"5P9",0,"no",0,0
"5CP","5CP","5P4",2006-10-01,"merger","5QV",2010-04-01,"merger",NA,NA,NA,"5QV",0,"no",0,0
"5CR","5CR","5NT",2006-10-01,"merger",NA,NA,NA,NA,NA,NA,"5NT",0,"no",0,0
"5CV","5CV","5QQ",2006-10-01,"merger",NA,NA,NA,NA,NA,NA,"5QQ",0,"no",0,0
"5CW","5CW","TAL",2005-10-01,"name_change",NA,NA,NA,NA,NA,NA,"TAL",0,"no",0,0
"5CX","5CX","5NR",2006-10-01,"merger",NA,NA,NA,NA,NA,NA,"5NR",0,"no",0,0
"5CY","5CY","5PQ",2006-10-01,"merger",NA,NA,NA,NA,NA,NA,"5PQ",0,"no",0,0
"5D1","5D1","TAM",2006-10-01,"name_change","5QW",2011-04-15,"name_change",NA,NA,NA,"5QW",0,"no",0,0
"5D2","5D2","5N9",2006-10-01,"merger",NA,NA,NA,NA,NA,NA,"5N9",0,"no",0,0
"5D3","5D3","5N9",2006-10-01,"merger",NA,NA,NA,NA,NA,NA,"5N9",0,"no",0,0
"5D4","5D4","5NE",2006-10-01,"merger",NA,NA,NA,NA,NA,NA,"5NE",0,"no",1,1
"5D5","5D5","5NE",2006-10-01,"merger",NA,NA,NA,NA,NA,NA,"5NE",0,"no",1,1
"5D6","5D6","5NE",2006-10-01,"merger",NA,NA,NA,NA,NA,NA,"5NE",0,"no",1,1
"5DA","5DA","5KL",2002-04-01,"name_change",NA,NA,NA,NA,NA,NA,"5KL",0,"no",0,0
"5DC","5DC","5PV",2006-10-01,"merger",NA,NA,NA,NA,NA,NA,"5PV",0,"no",0,0
"5DD","5DD","5NF",2006-10-01,"split",NA,NA,NA,NA,NA,NA,"5NF",1,"no",0,1
"5DD","5DD","5NE",2006-10-01,"split",NA,NA,NA,NA,NA,NA,"5NE",1,"no",0,1
"5DF","5DF","5QC",2006-10-01,"merger",NA,NA,NA,NA,NA,NA,"5QC",0,"no",0,0
"5DG","5DG","5QT",2006-10-01,"merger",NA,NA,NA,NA,NA,NA,"5QT",0,"no",0,0
"5DH","5DH","5QK",2006-10-01,"merger",NA,NA,NA,NA,NA,NA,"5QK",0,"no",0,0
"5DJ","5DJ","5QK",2006-10-01,"merger",NA,NA,NA,NA,NA,NA,"5QK",0,"no",0,0
"5DK","5DK","5QF",2006-10-01,"merger",NA,NA,NA,NA,NA,NA,"5QF",0,"no",0,0
"5DL","5DL","5QF",2006-10-01,"merger",NA,NA,NA,NA,NA,NA,"5QF",0,"no",0,0
"5DM","5DM","5QG",2006-10-01,"merger",NA,NA,NA,NA,NA,NA,"5QG",0,"no",0,0
"5DN","5DN","5QF",2006-10-01,"merger",NA,NA,NA,NA,NA,NA,"5QF",0,"no",0,0
"5DP","5DP","5QD",2006-10-01,"merger",NA,NA,NA,NA,NA,NA,"5QD",0,"no",0,0
"5DQ","5DQ","5PK",2006-10-01,"merger",NA,NA,NA,NA,NA,NA,"5PK",0,"no",0,0
"5DR","5DR","5PL",2006-10-01,"merger",NA,NA,NA,NA,NA,NA,"5PL",0,"no",0,0
"5DT","5DT","5QE",2006-10-01,"merger",NA,NA,NA,NA,NA,NA,"5QE",0,"no",1,1
"5DV","5DV","5QE",2006-10-01,"split",NA,NA,NA,NA,NA,NA,"5QE",1,"no",0,1
"5DV","5DV","5PD",2006-10-01,"split",NA,NA,NA,NA,NA,NA,"5PD",1,"no",0,1
"5DW","5DW","5QE",2006-10-01,"merger",NA,NA,NA,NA,NA,NA,"5QE",0,"no",1,1
"5DX","5DX","5QE",2006-10-01,"merger",NA,NA,NA,NA,NA,NA,"5QE",0,"no",1,1
"5DY","5DY","5QE",2006-10-01,"merger",NA,NA,NA,NA,NA,NA,"5QE",0,"no",1,1
"5E2","5E2","5NV",2006-10-01,"merger",NA,NA,NA,NA,NA,NA,"5NV",0,"no",0,0
"5E3","5E3","5NW",2006-10-01,"merger",NA,NA,NA,NA,NA,NA,"5NW",0,"no",0,0
"5E4","5E4","5NW",2006-10-01,"merger",NA,NA,NA,NA,NA,NA,"5NW",0,"no",0,0
"5E5","5E5","5NX",2006-10-01,"merger",NA,NA,NA,NA,NA,NA,"5NX",0,"no",0,0
"5E6","5E6","5NX",2006-10-01,"merger",NA,NA,NA,NA,NA,NA,"5NX",0,"no",0,0
"5E7","5E7","5N3",2006-10-01,"merger",NA,NA,NA,NA,NA,NA,"5N3",0,"no",0,0
"5E8","5E8","5N3",2006-10-01,"merger",NA,NA,NA,NA,NA,NA,"5N3",0,"no",0,0
"5E9","5E9","5QC",2006-10-01,"merger",NA,NA,NA,NA,NA,NA,"5QC",0,"no",0,0
"5EA","5EA","5N6",2006-10-01,"merger",NA,NA,NA,NA,NA,NA,"5N6",0,"no",0,0
"5EC","5EC","5N8",2006-10-01,"merger",NA,NA,NA,NA,NA,NA,"5N8",0,"no",0,0
"5ED","5ED","5N6",2006-10-01,"merger",NA,NA,NA,NA,NA,NA,"5N6",0,"no",0,0
"5EE","5EE","5N4",2006-10-01,"merger",NA,NA,NA,NA,NA,NA,"5N4",0,"no",0,0
"5EG","5EG","5N6",2006-10-01,"merger",NA,NA,NA,NA,NA,NA,"5N6",0,"no",0,0
"5EH","5EH","5PA",2006-10-01,"merger",NA,NA,NA,NA,NA,NA,"5PA",0,"no",0,0
"5EJ","5EJ","5PC",2006-10-01,"merger",NA,NA,NA,NA,NA,NA,"5PC",0,"no",0,0
"5EK","5EK","5N5",2006-10-01,"merger",NA,NA,NA,NA,NA,NA,"5N5",0,"no",0,0
"5EL","5EL","5N5",2006-10-01,"merger",NA,NA,NA,NA,NA,NA,"5N5",0,"no",0,0
"5EN","5EN","5N4",2006-10-01,"merger",NA,NA,NA,NA,NA,NA,"5N4",0,"no",0,0
"5EP","5EP","5N4",2006-10-01,"merger",NA,NA,NA,NA,NA,NA,"5N4",0,"no",0,0
"5EQ","5EQ","5N4",2006-10-01,"merger",NA,NA,NA,NA,NA,NA,"5N4",0,"no",0,0
"5ER","5ER","5N6",2006-10-01,"merger",NA,NA,NA,NA,NA,NA,"5N6",0,"no",0,0
"5EV","5EV","5N8",2006-10-01,"merger",NA,NA,NA,NA,NA,NA,"5N8",0,"no",0,0
"5EX","5EX","5N7",2006-10-01,"merger",NA,NA,NA,NA,NA,NA,"5N7",0,"no",0,0
"5EY","5EY","5PC",2006-10-01,"merger",NA,NA,NA,NA,NA,NA,"5PC",0,"no",0,0
"5F2","5F2","5NG",2006-10-01,"merger",NA,NA,NA,NA,NA,NA,"5NG",0,"no",0,0
"5F3","5F3","5NG",2006-10-01,"merger",NA,NA,NA,NA,NA,NA,"5NG",0,"no",0,0
"5F4","5F4","5NQ",2006-10-01,"merger",NA,NA,NA,NA,NA,NA,"5NQ",0,"no",0,0
"5F6","5F6","5NR",2006-10-01,"merger",NA,NA,NA,NA,NA,NA,"5NR",0,"no",0,0
"5F8","5F8","5NK",2006-10-01,"merger",NA,NA,NA,NA,NA,NA,"5NK",0,"no",0,0
"5F9","5F9","5NJ",2006-10-01,"merger",NA,NA,NA,NA,NA,NA,"5NJ",0,"no",0,0
"5FA","5FA","5N8",2006-10-01,"merger",NA,NA,NA,NA,NA,NA,"5N8",0,"no",0,0
"5FC","5FC","5N8",2006-10-01,"merger",NA,NA,NA,NA,NA,NA,"5N8",0,"no",0,0
"5FD","5FD","5QC",2006-10-01,"merger",NA,NA,NA,NA,NA,NA,"5QC",0,"no",0,0
"5FF","5FF","5P9",2006-10-01,"merger",NA,NA,NA,NA,NA,NA,"5P9",0,"no",0,0
"5FH","5FH","5P8",2006-10-01,"merger",NA,NA,NA,NA,NA,NA,"5P8",0,"no",0,0
"5FJ","5FJ","5P8",2006-10-01,"merger",NA,NA,NA,NA,NA,NA,"5P8",0,"no",0,0
"5FK","5FK","5P6",2006-10-01,"merger",NA,NA,NA,NA,NA,NA,"5P6",0,"no",0,0
"5FM","5FM","5QP",2006-10-01,"merger",NA,NA,NA,NA,NA,NA,"5QP",0,"no",0,0
"5FN","5FN","5QM",2006-10-01,"merger",NA,NA,NA,NA,NA,NA,"5QM",0,"no",0,0
"5FP","5FP","5QM",2006-10-01,"merger",NA,NA,NA,NA,NA,NA,"5QM",0,"no",0,0
"5FQ","5FQ","5QQ",2006-10-01,"merger",NA,NA,NA,NA,NA,NA,"5QQ",0,"no",0,0
"5FR","5FR","5QQ",2006-10-01,"merger",NA,NA,NA,NA,NA,NA,"5QQ",0,"no",0,0
"5FT","5FT","5QQ",2006-10-01,"merger",NA,NA,NA,NA,NA,NA,"5QQ",0,"no",0,0
"5FV","5FV","5QQ",2006-10-01,"merger",NA,NA,NA,NA,NA,NA,"5QQ",0,"no",0,0
"5FW","5FW","5QL",2006-10-01,"merger",NA,NA,NA,NA,NA,NA,"5QL",0,"no",0,0
"5FX","5FX","5QL",2006-10-01,"merger",NA,NA,NA,NA,NA,NA,"5QL",0,"no",0,0
"5FY","5FY","5QQ",2006-10-01,"merger",NA,NA,NA,NA,NA,NA,"5QQ",0,"no",0,0
"5G1","5G1","5PQ",2006-10-01,"merger",NA,NA,NA,NA,NA,NA,"5PQ",0,"no",0,0
"5G2","5G2","5QG",2006-10-01,"merger",NA,NA,NA,NA,NA,NA,"5QG",0,"no",0,0
"5G3","5G3","5QG",2006-10-01,"merger",NA,NA,NA,NA,NA,NA,"5QG",0,"no",0,0
"5G4","5G4","5QD",2006-10-01,"merger",NA,NA,NA,NA,NA,NA,"5QD",0,"no",0,0
"5G5","5G5","5QD",2006-10-01,"merger",NA,NA,NA,NA,NA,NA,"5QD",0,"no",0,0
"5G6","5G6","5QC",2006-10-01,"merger",NA,NA,NA,NA,NA,NA,"5QC",0,"no",0,0
"5G7","5G7","5NH",2006-10-01,"merger",NA,NA,NA,NA,NA,NA,"5NH",0,"no",0,0
"5G8","5G8","5NH",2006-10-01,"merger",NA,NA,NA,NA,NA,NA,"5NH",0,"no",0,0
"5G9","5G9","5NL",2006-10-01,"merger",NA,NA,NA,NA,NA,NA,"5NL",0,"no",0,0
"5GD","5GD","5P2",2006-10-01,"merger",NA,NA,NA,NA,NA,NA,"5P2",0,"no",0,0
"5GE","5GE","5P2",2006-10-01,"merger",NA,NA,NA,NA,NA,NA,"5P2",0,"no",0,0
"5GF","5GF","5PP",2006-10-01,"merger",NA,NA,NA,NA,NA,NA,"5PP",0,"no",0,0
"5GG","5GG","5P3",2006-10-01,"merger","5QV",2010-04-01,"merger",NA,NA,NA,"5QV",0,"no",0,0
"5GH","5GH","5P3",2006-10-01,"merger","5QV",2010-04-01,"merger",NA,NA,NA,"5QV",0,"no",0,0
"5GJ","5GJ","5P3",2006-10-01,"merger","5QV",2010-04-01,"merger",NA,NA,NA,"5QV",0,"no",0,0
"5GK","5GK","5P3",2006-10-01,"merger","5QV",2010-04-01,"merger",NA,NA,NA,"5QV",0,"no",0,0
"5GL","5GL","5PX",2006-10-01,"merger",NA,NA,NA,NA,NA,NA,"5PX",0,"no",0,0
"5GM","5GM","5PW",2006-10-01,"merger",NA,NA,NA,NA,NA,NA,"5PW",0,"no",0,0
"5GN","5GN","5PV",2006-10-01,"merger",NA,NA,NA,NA,NA,NA,"5PV",0,"no",0,0
"5GP","5GP","5PY",2006-10-01,"merger",NA,NA,NA,NA,NA,NA,"5PY",0,"no",0,0
"5GQ","5GQ","5PY",2006-10-01,"merger",NA,NA,NA,NA,NA,NA,"5PY",0,"no",0,0
"5GR","5GR","5PY",2006-10-01,"merger",NA,NA,NA,NA,NA,NA,"5PY",0,"no",0,0
"5GT","5GT","5PR",2006-10-01,"merger",NA,NA,NA,NA,NA,NA,"5PR",0,"no",0,0
"5GV","5GV","5P4",2006-10-01,"merger","5QV",2010-04-01,"merger",NA,NA,NA,"5QV",0,"no",0,0
"5GW","5GW","5P4",2006-10-01,"merger","5QV",2010-04-01,"merger",NA,NA,NA,"5QV",0,"no",0,0
"5GX","5GX","5P4",2006-10-01,"merger","5QV",2010-04-01,"merger",NA,NA,NA,"5QV",0,"no",0,0
"5GY","5GY","5L1",2002-04-01,"merger",NA,NA,NA,NA,NA,NA,"5L1",0,"no",1,1
"5H2","5H2","5NK",2006-10-01,"merger",NA,NA,NA,NA,NA,NA,"5NK",0,"no",0,0
"5H3","5H3","5NN",2006-10-01,"merger",NA,NA,NA,NA,NA,NA,"5NN",0,"no",0,0
"5H4","5H4","5NP",2006-10-01,"merger",NA,NA,NA,NA,NA,NA,"5NP",0,"no",0,0
"5H5","5H5","5NP",2006-10-01,"merger",NA,NA,NA,NA,NA,NA,"5NP",0,"no",0,0
"5H6","5H6","5NN",2006-10-01,"merger",NA,NA,NA,NA,NA,NA,"5NN",0,"no",0,0
"5H7","5H7","5N6",2006-10-01,"merger",NA,NA,NA,NA,NA,NA,"5N6",0,"no",0,0
"5H9","5H9","5N9",2006-10-01,"merger",NA,NA,NA,NA,NA,NA,"5N9",0,"no",0,0
"5HA","5HA","5NL",2006-10-01,"merger",NA,NA,NA,NA,NA,NA,"5NL",0,"no",0,0
"5HC","5HC","5NL",2006-10-01,"merger",NA,NA,NA,NA,NA,NA,"5NL",0,"no",0,0
"5HD","5HD","5NG",2006-10-01,"merger",NA,NA,NA,NA,NA,NA,"5NG",0,"no",0,0
"5HE","5HE","5NF",2006-10-01,"merger",NA,NA,NA,NA,NA,NA,"5NF",0,"no",1,1
"5HF","5HF","5NF",2006-10-01,"merger",NA,NA,NA,NA,NA,NA,"5NF",0,"no",1,1
"5HH","5HH","5N1",2006-10-01,"merger",NA,NA,NA,NA,NA,NA,"5N1",0,"no",0,0
"5HJ","5HJ","5N1",2006-10-01,"merger",NA,NA,NA,NA,NA,NA,"5N1",0,"no",0,0
"5HK","5HK","5N1",2006-10-01,"merger",NA,NA,NA,NA,NA,NA,"5N1",0,"no",0,0
"5HL","5HL","5N1",2006-10-01,"merger",NA,NA,NA,NA,NA,NA,"5N1",0,"no",0,0
"5HM","5HM","5N1",2006-10-01,"merger",NA,NA,NA,NA,NA,NA,"5N1",0,"no",0,0
"5HN","5HN","5N6",2006-10-01,"merger",NA,NA,NA,NA,NA,NA,"5N6",0,"no",0,0
"5HR","5HR","5PH",2006-10-01,"merger",NA,NA,NA,NA,NA,NA,"5PH",0,"no",0,0
"5HT","5HT","5PE",2006-10-01,"merger",NA,NA,NA,NA,NA,NA,"5PE",0,"no",0,0
"5HV","5HV","5PE",2006-10-01,"merger",NA,NA,NA,NA,NA,NA,"5PE",0,"no",0,0
"5HW","5HW","5PH",2006-10-01,"merger",NA,NA,NA,NA,NA,NA,"5PH",0,"no",0,0
"5J1","5J1","5NM",2006-10-01,"merger",NA,NA,NA,NA,NA,NA,"5NM",0,"no",0,0
"5J3","5J3","5NM",2006-10-01,"merger",NA,NA,NA,NA,NA,NA,"5NM",0,"no",0,0
"5J7","5J7","5N2",2006-10-01,"merger",NA,NA,NA,NA,NA,NA,"5N2",0,"no",0,0
"5J8","5J8","5ND",2006-10-01,"merger",NA,NA,NA,NA,NA,NA,"5ND",0,"no",0,0
"5JA","5JA","5PA",2006-10-01,"merger",NA,NA,NA,NA,NA,NA,"5PA",0,"no",0,0
"5JC","5JC","5PA",2006-10-01,"merger",NA,NA,NA,NA,NA,NA,"5PA",0,"no",0,0
"5JD","5JD","5PA",2006-10-01,"merger",NA,NA,NA,NA,NA,NA,"5PA",0,"no",0,0
"5JF","5JF","5QJ",2006-10-01,"merger",NA,NA,NA,NA,NA,NA,"5QJ",0,"no",0,0
"5JG","5JG","5QJ",2006-10-01,"merger",NA,NA,NA,NA,NA,NA,"5QJ",0,"no",0,0
"5JH","5JH","5PP",2006-10-01,"merger",NA,NA,NA,NA,NA,NA,"5PP",0,"no",0,0
"5JJ","5JJ","5PP",2006-10-01,"merger",NA,NA,NA,NA,NA,NA,"5PP",0,"no",0,0
"5JK","5JK","5PP",2006-10-01,"merger",NA,NA,NA,NA,NA,NA,"5PP",0,"no",0,0
"5JL","5JL","5PQ",2006-10-01,"merger",NA,NA,NA,NA,NA,NA,"5PQ",0,"no",0,0
"5JM","5JM","5PQ",2006-10-01,"merger",NA,NA,NA,NA,NA,NA,"5PQ",0,"no",0,0
"5JN","5JN","5PX",2006-10-01,"merger",NA,NA,NA,NA,NA,NA,"5PX",0,"no",0,0
"5JP","5JP","5P1",2006-10-01,"merger",NA,NA,NA,NA,NA,NA,"5P1",0,"no",0,0
"5JQ","5JQ","5PT",2006-10-01,"merger",NA,NA,NA,NA,NA,NA,"5PT",0,"no",0,0
"5JR","5JR","5PT",2006-10-01,"merger",NA,NA,NA,NA,NA,NA,"5PT",0,"no",0,0
"5JT","5JT","5PT",2006-10-01,"merger",NA,NA,NA,NA,NA,NA,"5PT",0,"no",0,0
"5JV","5JV","5PR",2006-10-01,"merger",NA,NA,NA,NA,NA,NA,"5PR",0,"no",0,0
"5JW","5JW","5PT",2006-10-01,"merger",NA,NA,NA,NA,NA,NA,"5PT",0,"no",0,0
"5JY","5JY","5NQ",2006-10-01,"merger",NA,NA,NA,NA,NA,NA,"5NQ",0,"no",0,0
"5K1","5K1","5QL",2006-10-01,"merger",NA,NA,NA,NA,NA,NA,"5QL",0,"no",0,0
"5K2","5K2","5QL",2006-10-01,"merger",NA,NA,NA,NA,NA,NA,"5QL",0,"no",0,0
"5K4","5K4","5QK",2006-10-01,"merger",NA,NA,NA,NA,NA,NA,"5QK",0,"no",0,0
"5KA","5KA","5ND",2006-10-01,"merger",NA,NA,NA,NA,NA,NA,"5ND",0,"no",0,0
"5KC","5KC","5ND",2006-10-01,"merger",NA,NA,NA,NA,NA,NA,"5ND",0,"no",0,0
"5KD","5KD","5ND",2006-10-01,"merger",NA,NA,NA,NA,NA,NA,"5ND",0,"no",0,0
"5KE","5KE","5ND",2006-10-01,"merger",NA,NA,NA,NA,NA,NA,"5ND",0,"no",0,0
"5KH","5KH","5NV",2006-10-01,"merger",NA,NA,NA,NA,NA,NA,"5NV",0,"no",0,0
"5KJ","5KJ","5NV",2006-10-01,"merger",NA,NA,NA,NA,NA,NA,"5NV",0,"no",0,0
"5KK","5KK","5NV",2006-10-01,"merger",NA,NA,NA,NA,NA,NA,"5NV",0,"no",0,0
"5KN","5KN","5QR",2006-10-01,"name_change",NA,NA,NA,NA,NA,NA,"5QR",0,"no",0,0
"5KP","5KP","5P5",2006-10-01,"merger",NA,NA,NA,NA,NA,NA,"5P5",0,"no",0,0
"5KQ","5KQ","5P5",2006-10-01,"merger",NA,NA,NA,NA,NA,NA,"5P5",0,"no",0,0
"5KR","5KR","5QP",2006-10-01,"merger",NA,NA,NA,NA,NA,NA,"5QP",0,"no",0,0
"5KT","5KT","5QP",2006-10-01,"merger",NA,NA,NA,NA,NA,NA,"5QP",0,"no",0,0
"5KV","5KV","5QN",2006-10-01,"merger",NA,NA,NA,NA,NA,NA,"5QN",0,"no",0,0
"5KW","5KW","5QH",2006-10-01,"merger","R1J",2013-04-01,"name_change",NA,NA,NA,"R1J",0,"no",0,0
"5KX","5KX","5QH",2006-10-01,"merger","R1J",2013-04-01,"name_change",NA,NA,NA,"R1J",0,"no",0,0
"5KY","5KY","5QH",2006-10-01,"merger","R1J",2013-04-01,"name_change",NA,NA,NA,"R1J",0,"no",0,0
"5L2","5L2","5P9",2006-10-01,"merger",NA,NA,NA,NA,NA,NA,"5P9",0,"no",0,0
"5L4","5L4","5QA",2006-10-01,"merger",NA,NA,NA,NA,NA,NA,"5QA",0,"no",0,0
"5L5","5L5","5P5",2006-10-01,"merger",NA,NA,NA,NA,NA,NA,"5P5",0,"no",0,0
"5L6","5L6","5P5",2006-10-01,"merger",NA,NA,NA,NA,NA,NA,"5P5",0,"no",0,0
"5L7","5L7","5P5",2006-10-01,"merger",NA,NA,NA,NA,NA,NA,"5P5",0,"no",0,0
"5L8","5L8","5P6",2006-10-01,"merger",NA,NA,NA,NA,NA,NA,"5P6",0,"no",0,0
"5L9","5L9","5P6",2006-10-01,"merger",NA,NA,NA,NA,NA,NA,"5P6",0,"no",0,0
"5LJ","5LJ","5N2",2006-10-01,"merger",NA,NA,NA,NA,NA,NA,"5N2",0,"no",0,0
"5LK","5LK","5N2",2006-10-01,"merger",NA,NA,NA,NA,NA,NA,"5N2",0,"no",0,0
"5LL","5LL","5QA",2006-10-01,"merger",NA,NA,NA,NA,NA,NA,"5QA",0,"no",0,0
"5LM","5LM","5QA",2006-10-01,"merger",NA,NA,NA,NA,NA,NA,"5QA",0,"no",0,0
"5LN","5LN","5QA",2006-10-01,"merger",NA,NA,NA,NA,NA,NA,"5QA",0,"no",0,0
"5LP","5LP","5QA",2006-10-01,"merger",NA,NA,NA,NA,NA,NA,"5QA",0,"no",0,0
"5LR","5LR","5P7",2006-10-01,"merger",NA,NA,NA,NA,NA,NA,"5P7",0,"no",0,0
"5LT","5LT","5P7",2006-10-01,"merger",NA,NA,NA,NA,NA,NA,"5P7",0,"no",0,0
"5LV","5LV","5PD",2006-10-01,"merger",NA,NA,NA,NA,NA,NA,"5PD",0,"no",1,1
"5LW","5LW","5PD",2006-10-01,"merger",NA,NA,NA,NA,NA,NA,"5PD",0,"no",1,1
"5LX","5LX","5QC",2006-10-01,"merger",NA,NA,NA,NA,NA,NA,"5QC",0,"no",0,0
"5LY","5LY","5QC",2006-10-01,"merger",NA,NA,NA,NA,NA,NA,"5QC",0,"no",0,0
"5M5","5M5","5NJ",2006-10-01,"merger",NA,NA,NA,NA,NA,NA,"5NJ",0,"no",0,0
"5M9","5M9","5PM",2006-10-01,"merger",NA,NA,NA,NA,NA,NA,"5PM",0,"no",0,0
"5MA","5MA","5P6",2006-10-01,"merger",NA,NA,NA,NA,NA,NA,"5P6",0,"no",0,0
"5MC","5MC","5P6",2006-10-01,"merger",NA,NA,NA,NA,NA,NA,"5P6",0,"no",0,0
"5ME","5ME","5PJ",2006-10-01,"merger",NA,NA,NA,NA,NA,NA,"5PJ",0,"no",0,0
"5MF","5MF","5PJ",2006-10-01,"merger",NA,NA,NA,NA,NA,NA,"5PJ",0,"no",0,0
"5MG","5MG","5PF",2006-10-01,"merger",NA,NA,NA,NA,NA,NA,"5PF",0,"no",0,0
"5MH","5MH","5PF",2006-10-01,"merger",NA,NA,NA,NA,NA,NA,"5PF",0,"no",0,0
"5MJ","5MJ","5PF",2006-10-01,"merger",NA,NA,NA,NA,NA,NA,"5PF",0,"no",0,0
"5ML","5ML","5PK",2006-10-01,"merger",NA,NA,NA,NA,NA,NA,"5PK",0,"no",0,0
"5MM","5MM","5PK",2006-10-01,"merger",NA,NA,NA,NA,NA,NA,"5PK",0,"no",0,0
"5MN","5MN","5PK",2006-10-01,"merger",NA,NA,NA,NA,NA,NA,"5PK",0,"no",0,0
"5MP","5MP","5PM",2006-10-01,"merger",NA,NA,NA,NA,NA,NA,"5PM",0,"no",0,0
"5MQ","5MQ","5PM",2006-10-01,"merger",NA,NA,NA,NA,NA,NA,"5PM",0,"no",0,0
"5MR","5MR","5PL",2006-10-01,"merger",NA,NA,NA,NA,NA,NA,"5PL",0,"no",0,0
"5MT","5MT","5PL",2006-10-01,"merger",NA,NA,NA,NA,NA,NA,"5PL",0,"no",0,0
"5MW","5MW","5PG",2006-10-01,"merger",NA,NA,NA,NA,NA,NA,"5PG",0,"no",0,0
"5MY","5MY","5PG",2006-10-01,"merger",NA,NA,NA,NA,NA,NA,"5PG",0,"no",0,0
"610","610","625",2009-04-01,"split",NA,NA,NA,NA,NA,NA,"625",1,"no",0,0
"610","610","626",2009-04-01,"split",NA,NA,NA,NA,NA,NA,"626",1,"no",0,0
"610","610","611",2009-04-01,"split",NA,NA,NA,NA,NA,NA,"611",1,"no",0,0
"6A1","6A1","7A6",2009-10-01,"merger",NA,NA,NA,NA,NA,NA,"7A6",0,"no",0,0
"6A2","6A2","7A1",2009-10-01,"merger",NA,NA,NA,NA,NA,NA,"7A1",0,"no",0,0
"6A3","6A3","7A2",2009-10-01,"merger",NA,NA,NA,NA,NA,NA,"7A2",0,"no",0,0
"6A4","6A4","7A2",2009-10-01,"merger",NA,NA,NA,NA,NA,NA,"7A2",0,"no",0,0
"6A5","6A5","7A3",2009-10-01,"merger",NA,NA,NA,NA,NA,NA,"7A3",0,"no",0,0
"6A6","6A6","7A3",2009-10-01,"merger",NA,NA,NA,NA,NA,NA,"7A3",0,"no",0,0
"6A7","6A7","7A1",2009-10-01,"merger",NA,NA,NA,NA,NA,NA,"7A1",0,"no",0,0
"6A8","6A8","7A4",2009-10-01,"merger",NA,NA,NA,NA,NA,NA,"7A4",0,"no",0,0
"6A9","6A9","7A5",2009-10-01,"merger",NA,NA,NA,NA,NA,NA,"7A5",0,"no",0,0
"6B1","6B1","7A1",2009-10-01,"merger",NA,NA,NA,NA,NA,NA,"7A1",0,"no",0,0
"6B2","6B2","7A6",2009-10-01,"merger",NA,NA,NA,NA,NA,NA,"7A6",0,"no",0,0
"6B3","6B3","7A3",2009-10-01,"merger",NA,NA,NA,NA,NA,NA,"7A3",0,"no",0,0
"6B4","6B4","7A1",2009-10-01,"merger",NA,NA,NA,NA,NA,NA,"7A1",0,"no",0,0
"6B5","6B5","7A1",2009-10-01,"merger",NA,NA,NA,NA,NA,NA,"7A1",0,"no",0,0
"6B6","6B6","7A4",2009-10-01,"merger",NA,NA,NA,NA,NA,NA,"7A4",0,"no",0,0
"6B7","6B7","7A2",2009-10-01,"merger",NA,NA,NA,NA,NA,NA,"7A2",0,"no",0,0
"6B8","6B8","7A5",2009-10-01,"merger",NA,NA,NA,NA,NA,NA,"7A5",0,"no",0,0
"6B9","6B9","7A6",2009-10-01,"merger",NA,NA,NA,NA,NA,NA,"7A6",0,"no",0,0
"6C1","6C1","7A1",2009-10-01,"merger",NA,NA,NA,NA,NA,NA,"7A1",0,"no",0,0
"6C2","6C2","7A6",2009-10-01,"merger",NA,NA,NA,NA,NA,NA,"7A6",0,"no",0,0
"6C3","6C3","7A6",2009-10-01,"merger",NA,NA,NA,NA,NA,NA,"7A6",0,"no",0,0
"6C4","6C4","7A7",2009-10-01,"name_change",NA,NA,NA,NA,NA,NA,"7A7",0,"no",0,0
"DL5","DL5","8JN89",2017-10-01,"name_change",NA,NA,NA,NA,NA,NA,"8JN89",0,"no",0,0
"N97","N97","N95",2011-04-01,"merger",NA,NA,NA,NA,NA,NA,"N95",0,"no",0,0
"N98","N98","N95",2011-04-01,"merger",NA,NA,NA,NA,NA,NA,"N95",0,"no",0,0
"Q01","Q01","Q35",2006-07-01,"merger",NA,NA,NA,NA,NA,NA,"Q35",0,"no",0,0
"Q02","Q02","Q35",2006-07-01,"merger",NA,NA,NA,NA,NA,NA,"Q35",0,"no",0,0
"Q03","Q03","Q35",2006-07-01,"merger",NA,NA,NA,NA,NA,NA,"Q35",0,"no",0,0
"Q04","Q04","Q36",2006-07-01,"merger",NA,NA,NA,NA,NA,NA,"Q36",0,"no",0,0
"Q05","Q05","Q36",2006-07-01,"merger",NA,NA,NA,NA,NA,NA,"Q36",0,"no",0,0
"Q06","Q06","Q36",2006-07-01,"merger",NA,NA,NA,NA,NA,NA,"Q36",0,"no",0,0
"Q07","Q07","Q36",2006-07-01,"merger",NA,NA,NA,NA,NA,NA,"Q36",0,"no",0,0
"Q08","Q08","Q36",2006-07-01,"merger",NA,NA,NA,NA,NA,NA,"Q36",0,"no",0,0
"Q09","Q09","Q30",2006-07-01,"merger",NA,NA,NA,NA,NA,NA,"Q30",0,"no",0,0
"Q10","Q10","Q30",2006-07-01,"merger",NA,NA,NA,NA,NA,NA,"Q30",0,"no",0,0
"Q11","Q11","Q32",2006-07-01,"merger",NA,NA,NA,NA,NA,NA,"Q32",0,"no",0,0
"Q12","Q12","Q32",2006-07-01,"merger",NA,NA,NA,NA,NA,NA,"Q32",0,"no",0,0
"Q13","Q13","Q31",2006-07-01,"merger",NA,NA,NA,NA,NA,NA,"Q31",0,"no",0,0
"Q14","Q14","Q31",2006-07-01,"merger",NA,NA,NA,NA,NA,NA,"Q31",0,"no",0,0
"Q15","Q15","Q31",2006-07-01,"merger",NA,NA,NA,NA,NA,NA,"Q31",0,"no",0,0
"Q16","Q16","Q38",2006-07-01,"merger",NA,NA,NA,NA,NA,NA,"Q38",0,"no",0,0
"Q17","Q17","Q38",2006-07-01,"merger",NA,NA,NA,NA,NA,NA,"Q38",0,"no",0,0
"Q18","Q18","Q37",2006-07-01,"merger",NA,NA,NA,NA,NA,NA,"Q37",0,"no",0,0
"Q19","Q19","Q37",2006-07-01,"merger",NA,NA,NA,NA,NA,NA,"Q37",0,"no",0,0
"Q20","Q20","Q39",2006-07-01,"merger",NA,NA,NA,NA,NA,NA,"Q39",0,"no",0,0
"Q21","Q21","Q39",2006-07-01,"merger",NA,NA,NA,NA,NA,NA,"Q39",0,"no",0,0
"Q22","Q22","Q39",2006-07-01,"merger",NA,NA,NA,NA,NA,NA,"Q39",0,"no",0,0
"Q23","Q23","Q32",2006-07-01,"merger",NA,NA,NA,NA,NA,NA,"Q32",0,"no",0,0
"Q24","Q24","Q33",2006-07-01,"merger",NA,NA,NA,NA,NA,NA,"Q33",0,"no",0,0
"Q25","Q25","Q33",2006-07-01,"merger",NA,NA,NA,NA,NA,NA,"Q33",0,"no",0,0
"Q26","Q26","Q34",2006-07-01,"merger",NA,NA,NA,NA,NA,NA,"Q34",0,"no",0,0
"Q27","Q27","Q34",2006-07-01,"merger",NA,NA,NA,NA,NA,NA,"Q34",0,"no",0,0
"Q28","Q28","Q34",2006-07-01,"merger",NA,NA,NA,NA,NA,NA,"Q34",0,"no",0,0
"Q44","Q44","Q75",2015-04-01,"merger",NA,NA,NA,NA,NA,NA,"Q75",0,"no",0,0
"Q45","Q45","Q74",2015-04-01,"merger",NA,NA,NA,NA,NA,NA,"Q74",0,"no",0,0
"Q48","Q48","Q75",2015-04-01,"merger",NA,NA,NA,NA,NA,NA,"Q75",0,"no",0,0
"Q49","Q49","Q74",2015-04-01,"merger",NA,NA,NA,NA,NA,NA,"Q74",0,"no",0,0
"Q50","Q50","Q72",2015-04-01,"merger",NA,NA,NA,NA,NA,NA,"Q72",0,"no",0,0
"Q51","Q51","Q72",2015-04-01,"merger",NA,NA,NA,NA,NA,NA,"Q72",0,"no",0,0
"Q52","Q52","Q72",2015-04-01,"merger",NA,NA,NA,NA,NA,NA,"Q72",0,"no",0,0
"Q53","Q53","Q77",2015-04-01,"merger",NA,NA,NA,NA,NA,NA,"Q77",0,"no",0,0
"Q54","Q54","Q77",2015-04-01,"merger",NA,NA,NA,NA,NA,NA,"Q77",0,"no",0,0
"Q55","Q55","Q76",2015-04-01,"merger",NA,NA,NA,NA,NA,NA,"Q76",0,"no",0,0
"Q56","Q56","Q79",2015-04-01,"merger",NA,NA,NA,NA,NA,NA,"Q79",0,"no",0,0
"Q57","Q57","Q79",2015-04-01,"merger",NA,NA,NA,NA,NA,NA,"Q79",0,"no",0,0
"Q58","Q58","Q78",2015-04-01,"merger",NA,NA,NA,NA,NA,NA,"Q78",0,"no",0,0
"Q59","Q59","Q78",2015-04-01,"merger",NA,NA,NA,NA,NA,NA,"Q78",0,"no",0,0
"Q60","Q60","Q76",2015-04-01,"merger",NA,NA,NA,NA,NA,NA,"Q76",0,"no",0,0
"Q64","Q64","Q82",2015-04-01,"merger",NA,NA,NA,NA,NA,NA,"Q82",0,"no",0,0
"Q65","Q65","Q80",2015-04-01,"merger",NA,NA,NA,NA,NA,NA,"Q80",0,"no",0,0
"Q66","Q66","Q80",2015-04-01,"merger",NA,NA,NA,NA,NA,NA,"Q80",0,"no",0,0
"Q67","Q67","Q81",2015-04-01,"merger",NA,NA,NA,NA,NA,NA,"Q81",0,"no",0,0
"Q68","Q68","Q81",2015-04-01,"merger",NA,NA,NA,NA,NA,NA,"Q81",0,"no",0,0
"Q69","Q69","Q82",2015-04-01,"merger",NA,NA,NA,NA,NA,NA,"Q82",0,"no",0,0
"Q73","Q73","Q84",2016-04-01,"split",NA,NA,NA,NA,NA,NA,"Q84",1,"no",0,0
"Q73","Q73","Q83",2016-04-01,"split",NA,NA,NA,NA,NA,NA,"Q83",1,"no",0,0
"QMK","QMK","QHM",2018-04-01,"merger",NA,NA,NA,NA,NA,NA,"QHM",0,"no",0,0
"QT8","QT8","QHM",2018-04-01,"merger",NA,NA,NA,NA,NA,NA,"QHM",0,"no",0,0
"QVP","QVP","QHM",2018-04-01,"merger",NA,NA,NA,NA,NA,NA,"QHM",0,"no",0,0
"R1E","R1E","RRE",2018-05-31,"merger",NA,NA,NA,NA,NA,NA,"RRE",0,"no",0,0
"R1G","R1G","RA9",2015-10-01,"name_change",NA,NA,NA,NA,NA,NA,"RA9",0,"no",0,0
"RA0","RA0","5K9",2002-04-01,"name_change",NA,NA,NA,NA,NA,NA,"5K9",0,"no",0,0
"RA5","RA5","RTE",2002-04-01,"split",NA,NA,NA,NA,NA,NA,"RTE",1,"no",0,1
"RA5","RA5","RTQ",2002-04-01,"split",NA,NA,NA,NA,NA,NA,"RTQ",1,"no",0,1
"RAF","RAF","RHQ",2001-04-01,"merger",NA,NA,NA,NA,NA,NA,"RHQ",0,"no",0,0
"RAG","RAG","RP5",2001-04-01,"merger",NA,NA,NA,NA,NA,NA,"RP5",0,"no",1,1
"RAQ","RAQ","RWH",2000-04-01,"merger",NA,NA,NA,NA,NA,NA,"RWH",0,"no",0,0
"RB4","RB4","RYC",2006-07-01,"merger",NA,NA,NA,NA,NA,NA,"RYC",0,"no",0,0
"RB6","RB6","RX7",2006-07-01,"merger",NA,NA,NA,NA,NA,NA,"RX7",0,"no",0,0
"RB7","RB7","RYA",2007-10-01,"merger",NA,NA,NA,NA,NA,NA,"RYA",0,"no",0,0
"RB8","RB8","RX8",2006-07-01,"merger",NA,NA,NA,NA,NA,NA,"RX8",0,"no",1,1
"RBB","RBB","RD1",2015-02-01,"name_change",NA,NA,NA,NA,NA,NA,"RD1",0,"no",0,0
"RBF","RBF","RTH",2011-11-02,"name_change",NA,NA,NA,NA,NA,NA,"RTH",0,"no",0,0
"RBG","RBG","RRE",2001-04-01,"merger",NA,NA,NA,NA,NA,NA,"RRE",0,"no",0,0
"RBH","RBH","RRE",2001-04-01,"merger",NA,NA,NA,NA,NA,NA,"RRE",0,"no",0,0
"RBP","RBP","RTV",2002-04-01,"merger",NA,NA,NA,NA,NA,NA,"RTV",0,"no",1,1
"RBU","RBU","RW3",2001-04-01,"merger","R0A",2017-10-01,"name_change",NA,NA,NA,"R0A",0,"no",0,0
"RBX","RBX","RX9",2006-07-01,"merger",NA,NA,NA,NA,NA,NA,"RX9",0,"no",1,1
"RC3","RC3","R1K",2014-10-01,"merger",NA,NA,NA,NA,NA,NA,"R1K",0,"no",0,0
"RC4","RC4","RWH",2000-04-01,"merger",NA,NA,NA,NA,NA,NA,"RWH",0,"no",0,0
"RC8","RC8","RWR",2001-04-01,"merger",NA,NA,NA,NA,NA,NA,"RWR",0,"no",0,0
"RCA","RCA","RTR",2002-04-01,"merger",NA,NA,NA,NA,NA,NA,"RTR",0,"no",0,0
"RCC","RCC","RCB",2012-07-01,"name_change",NA,NA,NA,NA,NA,NA,"RCB",0,"no",0,0
"RCE","RCE","TAD",2002-04-01,"name_change",NA,NA,NA,NA,NA,NA,"TAD",0,"no",0,0
"RCJ","RCJ","RTR",2002-04-01,"merger",NA,NA,NA,NA,NA,NA,"RTR",0,"no",0,0
"RCN","RCN","5JE",2002-04-01,"name_change",NA,NA,NA,NA,NA,NA,"5JE",0,"no",0,0
"RCP","RCP","RHA",2001-04-01,"split",NA,NA,NA,NA,NA,NA,"RHA",1,"split_from_multiple",0,1
"RCP","RCP","5ET",2001-04-01,"split",NA,NA,NA,NA,NA,NA,"5ET",1,"no",0,0
"RCP","RCP","RP5",2001-04-01,"split",NA,NA,NA,NA,NA,NA,"RP5",1,"no",0,1
"RCS","RCS","RX1",2006-04-01,"merger",NA,NA,NA,NA,NA,NA,"RX1",0,"no",0,0
"RCT","RCT","5EM",2001-04-01,"merger",NA,NA,NA,NA,NA,NA,"5EM",0,"no",1,1
"RCV","RCV","RHQ",2001-04-01,"merger",NA,NA,NA,NA,NA,NA,"RHQ",0,"no",0,0
"RCZ","RCZ","RRP",2001-04-01,"split",NA,NA,NA,NA,NA,NA,"RRP",1,"split_from_multiple",0,1
"RCZ","RCZ","5A9",2001-04-01,"split",NA,NA,NA,NA,NA,NA,"5A9",1,"no",0,0
"RD2","RD2","5FL",2001-04-01,"name_change",NA,NA,NA,NA,NA,NA,"5FL",0,"no",0,0
"RD6","RD6","RWX",2001-04-01,"merger",NA,NA,NA,NA,NA,NA,"RWX",0,"no",0,0
"RD7","RD7","RDU",2014-10-01,"name_change",NA,NA,NA,NA,NA,NA,"RDU",0,"no",0,0
"RD9","RD9","5CQ",2000-10-01,"name_change",NA,NA,NA,NA,NA,NA,"5CQ",0,"no",0,0
"RDA","RDA","5K5",2002-04-01,"split",NA,NA,NA,NA,NA,NA,"5K5",1,"no",0,0
"RDA","RDA","5LA",2002-04-01,"split",NA,NA,NA,NA,NA,NA,"5LA",1,"no",0,0
"RDA","RDA","5LC",2002-04-01,"split",NA,NA,NA,NA,NA,NA,"5LC",1,"no",0,0
"RDF","RDF","RAT",2001-04-01,"split",NA,NA,NA,NA,NA,NA,"RAT",1,"split_from_multiple",0,1
"RDF","RDF","RGC",2001-04-01,"split","R1H",2012-04-01,"name_change",NA,NA,NA,"R1H",1,"later_name_change",0,1
"RDJ","RDJ","RRD",2001-04-01,"merger","R1L",2017-04-01,"merger",NA,NA,NA,"R1L",0,"no",0,0
"RDK","RDK","RWN",2000-04-01,"merger","R1L",2017-04-01,"merger",NA,NA,NA,"R1L",0,"no",0,0
"RDL","RDL","RXC",2002-04-01,"merger",NA,NA,NA,NA,NA,NA,"RXC",0,"no",1,1
"RDM","RDM","RXD",2002-04-01,"split","RX2",2006-04-01,"merger",NA,NA,NA,"RX2",1,"later_merger",0,1
"RDM","RDM","RXC",2002-04-01,"split",NA,NA,NA,NA,NA,NA,"RXC",1,"no",0,1
"RDQ","RDQ","5A7",2001-04-01,"name_change",NA,NA,NA,NA,NA,NA,"5A7",0,"no",0,0
"RE6","RE6","RX7",2006-07-01,"merger",NA,NA,NA,NA,NA,NA,"RX7",0,"no",0,0
"RE7","RE7","RNL",2001-04-01,"split",NA,NA,NA,NA,NA,NA,"RNL",1,"no",0,1
"RE7","RE7","RNN",2001-04-01,"split",NA,NA,NA,NA,NA,NA,"RNN",1,"no",0,1
"REA","REA","RWV",2001-04-01,"name_change",NA,NA,NA,NA,NA,NA,"RWV",0,"no",0,0
"RED","RED","5F1",2001-04-01,"name_change",NA,NA,NA,NA,NA,NA,"5F1",0,"no",0,0
"REH","REH","5CN",2000-10-01,"name_change",NA,NA,NA,NA,NA,NA,"5CN",0,"no",0,0
"RER","RER","5J4",2002-04-01,"split",NA,NA,NA,NA,NA,NA,"5J4",1,"no",0,0
"RER","RER","RTV",2002-04-01,"split",NA,NA,NA,NA,NA,NA,"RTV",1,"split_from_multiple",0,1
"RES","RES","RW4",2002-04-01,"merger",NA,NA,NA,NA,NA,NA,"RW4",0,"no",1,1
"REU","REU","RXR",2003-04-01,"merger",NA,NA,NA,NA,NA,NA,"RXR",0,"no",0,0
"REX","REX","5J5",2002-04-01,"split",NA,NA,NA,NA,NA,NA,"5J5",1,"no",0,0
"REX","REX","RT2",2002-04-01,"split",NA,NA,NA,NA,NA,NA,"RT2",1,"split_from_multiple",0,1
"REX","REX","RW6",2002-04-01,"split",NA,NA,NA,NA,NA,NA,"RW6",1,"split_from_multiple",0,1
"REY","REY","RRF",2001-04-01,"merger",NA,NA,NA,NA,NA,NA,"RRF",0,"no",0,0
"REZ","REZ","RT2",2002-04-01,"split",NA,NA,NA,NA,NA,NA,"RT2",1,"split_from_multiple",0,1
"REZ","REZ","RW6",2002-04-01,"split",NA,NA,NA,NA,NA,NA,"RW6",1,"split_from_multiple",0,1
"RF6","RF6","RJL",2001-04-01,"merger",NA,NA,NA,NA,NA,NA,"RJL",0,"no",0,0
"RF7","RF7","RJL",2001-04-01,"merger",NA,NA,NA,NA,NA,NA,"RJL",0,"no",0,0
"RFB","RFB","RWE",2000-04-01,"merger",NA,NA,NA,NA,NA,NA,"RWE",0,"no",0,0
"RFD","RFD","RWE",2000-04-01,"merger",NA,NA,NA,NA,NA,NA,"RWE",0,"no",0,0
"RFG","RFG","RHA",2002-04-01,"split",NA,NA,NA,NA,NA,NA,"RHA",1,"split_from_multiple",0,1
"RFG","RFG","5H8",2002-04-01,"split",NA,NA,NA,NA,NA,NA,"5H8",1,"no",0,0
"RFJ","RFJ","RHA",2001-04-01,"split",NA,NA,NA,NA,NA,NA,"RHA",1,"split_from_multiple",0,1
"RFJ","RFJ","RK5",2001-04-01,"split",NA,NA,NA,NA,NA,NA,"RK5",1,"no",0,0
"RFK","RFK","RX1",2006-04-01,"merger",NA,NA,NA,NA,NA,NA,"RX1",0,"no",0,0
"RFL","RFL","RWE",2000-04-01,"merger",NA,NA,NA,NA,NA,NA,"RWE",0,"no",0,0
"RFU","RFU","RYC",2006-07-01,"merger",NA,NA,NA,NA,NA,NA,"RYC",0,"no",0,0
"RFW","RFW","RQM",2015-09-01,"name_change",NA,NA,NA,NA,NA,NA,"RQM",0,"no",0,0
"RFX","RFX","5HY",2002-04-01,"split",NA,NA,NA,NA,NA,NA,"5HY",1,"no",0,0
"RFX","RFX","5HX",2002-04-01,"split",NA,NA,NA,NA,NA,NA,"5HX",1,"no",0,0
"RG1","RG1","RWF",2000-04-01,"merger",NA,NA,NA,NA,NA,NA,"RWF",0,"no",0,0
"RG2","RG2","RYQ",2009-04-01,"merger",NA,NA,NA,NA,NA,NA,"RYQ",0,"no",0,0
"RG3","RG3","RYQ",2009-04-01,"merger",NA,NA,NA,NA,NA,NA,"RYQ",0,"no",0,0
"RG4","RG4","RF4",2001-04-01,"split",NA,NA,NA,NA,NA,NA,"RF4",1,"no",0,1
"RG4","RG4","RAT",2001-04-01,"split",NA,NA,NA,NA,NA,NA,"RAT",1,"split_from_multiple",0,1
"RG6","RG6","5A4",2001-04-01,"split",NA,NA,NA,NA,NA,NA,"5A4",1,"no",0,0
"RG6","RG6","RAT",2001-04-01,"split",NA,NA,NA,NA,NA,NA,"RAT",1,"split_from_multiple",0,1
"RG6","RG6","5C2",2001-04-01,"split",NA,NA,NA,NA,NA,NA,"5C2",1,"no",0,0
"RG7","RG7","RF4",2001-04-01,"merger",NA,NA,NA,NA,NA,NA,"RF4",0,"no",1,1
"RG8","RG8","RWN",2000-04-01,"merger","R1L",2017-04-01,"merger",NA,NA,NA,"R1L",0,"no",0,0
"RGA","RGA","RWY",2001-04-01,"merger",NA,NA,NA,NA,NA,NA,"RWY",0,"no",0,0
"RGB","RGB","RWY",2001-04-01,"merger",NA,NA,NA,NA,NA,NA,"RWY",0,"no",0,0
"RGF","RGF","RXG",2002-04-01,"merger",NA,NA,NA,NA,NA,NA,"RXG",0,"no",1,1
"RGH","RGH","RX8",2006-07-01,"merger",NA,NA,NA,NA,NA,NA,"RX8",0,"no",1,1
"RGK","RGK","RT1",2002-04-01,"merger",NA,NA,NA,NA,NA,NA,"RT1",0,"no",0,0
"RGQ","RGQ","RDE",2018-06-30,"name_change",NA,NA,NA,NA,NA,NA,"RDE",0,"no",0,0
"RGS","RGS","RT1",2002-04-01,"merger",NA,NA,NA,NA,NA,NA,"RT1",0,"no",0,0
"RGU","RGU","RXH",2002-04-01,"merger",NA,NA,NA,NA,NA,NA,"RXH",0,"no",1,1
"RGX","RGX","RXD",2002-04-01,"merger","RX2",2006-04-01,"merger",NA,NA,NA,"RX2",0,"no",1,1
"RGZ","RGZ","RYQ",2009-04-01,"merger",NA,NA,NA,NA,NA,NA,"RYQ",0,"no",0,0
"RH1","RH1","RYE",2006-07-01,"merger",NA,NA,NA,NA,NA,NA,"RYE",0,"no",1,1
"RH2","RH2","RXQ",2003-04-01,"merger",NA,NA,NA,NA,NA,NA,"RXQ",0,"no",0,0
"RH4","RH4","RWX",2001-04-01,"merger",NA,NA,NA,NA,NA,NA,"RWX",0,"no",0,0
"RH6","RH6","RTE",2002-04-01,"merger",NA,NA,NA,NA,NA,NA,"RTE",0,"no",1,1
"RH7","RH7","RTQ",2002-04-01,"merger",NA,NA,NA,NA,NA,NA,"RTQ",0,"no",1,1
"RHB","RHB","5K7",2002-04-01,"split",NA,NA,NA,NA,NA,NA,"5K7",1,"no",0,0
"RHB","RHB","5K8",2002-04-01,"split",NA,NA,NA,NA,NA,NA,"5K8",1,"no",0,0
"RHC","RHC","5C1",2001-04-01,"split",NA,NA,NA,NA,NA,NA,"5C1",1,"no",0,0
"RHC","RHC","RRP",2001-04-01,"split",NA,NA,NA,NA,NA,NA,"RRP",1,"split_from_multiple",0,1
"RHJ","RHJ","RW8",2002-04-01,"merger","RX2",2006-04-01,"merger",NA,NA,NA,"RX2",0,"no",1,1
"RHN","RHN","RN1",2000-04-01,"name_change","RN5",2012-01-10,"name_change",NA,NA,NA,"RN5",0,"no",0,0
"RHP","RHP","RYF",2006-07-01,"merger",NA,NA,NA,NA,NA,NA,"RYF",0,"no",0,0
"RHS","RHS","RW1",2002-04-01,"split",NA,NA,NA,NA,NA,NA,"RW1",1,"split_from_multiple",0,1
"RHS","RHS","5L1",2002-04-01,"split",NA,NA,NA,NA,NA,NA,"5L1",1,"no",0,1
"RHX","RHX","RW1",2012-11-02,"merger",NA,NA,NA,NA,NA,NA,"RW1",0,"no",1,1
"RHY","RHY","RX9",2006-07-01,"split",NA,NA,NA,NA,NA,NA,"RX9",1,"no",0,1
"RHY","RHY","RYE",2006-07-01,"split",NA,NA,NA,NA,NA,NA,"RYE",1,"no",0,1
"RJ5","RJ5","RYJ",2007-10-01,"merger",NA,NA,NA,NA,NA,NA,"RYJ",0,"no",0,0
"RJ9","RJ9","RYF",2006-07-01,"merger",NA,NA,NA,NA,NA,NA,"RYF",0,"no",0,0
"RJB","RJB","RWQ",2000-04-01,"split","R1A",2011-07-01,"name_change",NA,NA,NA,"R1A",1,"later_name_change",0,1
"RJB","RJB","RWP",2000-04-01,"split",NA,NA,NA,NA,NA,NA,"RWP",1,"no",0,1
"RJF","RJF","RTG",2018-06-30,"name_change",NA,NA,NA,NA,NA,NA,"RTG",0,"no",0,0
"RJH","RJH","RR1",2007-04-08,"name_change","RRK",2018-04-02,"name_change",NA,NA,NA,"RRK",0,"no",0,0
"RJM","RJM","5M3",2002-04-01,"name_change",NA,NA,NA,NA,NA,NA,"5M3",0,"no",0,0
"RJQ","RJQ","5J2",2002-04-01,"split",NA,NA,NA,NA,NA,NA,"5J2",1,"no",0,0
"RJQ","RJQ","RTV",2002-04-01,"split",NA,NA,NA,NA,NA,NA,"RTV",1,"split_from_multiple",0,1
"RJS","RJS","RWW",2001-04-01,"merger",NA,NA,NA,NA,NA,NA,"RWW",0,"no",0,0
"RJT","RJT","RXA",2002-04-01,"merger",NA,NA,NA,NA,NA,NA,"RXA",0,"no",0,0
"RJU","RJU","RXN",2002-08-01,"split",NA,NA,NA,NA,NA,NA,"RXN",1,"no",0,1
"RJU","RJU","RW5",2002-08-01,"split",NA,NA,NA,NA,NA,NA,"RW5",1,"split_from_multiple",0,1
"RJX","RJX","RW4",2016-07-01,"merger",NA,NA,NA,NA,NA,NA,"RW4",0,"no",1,1
"RJY","RJY","RRF",2001-04-01,"merger",NA,NA,NA,NA,NA,NA,"RRF",0,"no",0,0
"RK1","RK1","RWD",2000-04-01,"merger",NA,NA,NA,NA,NA,NA,"RWD",0,"no",0,0
"RK4","RK4","RP7",2001-04-01,"merger",NA,NA,NA,NA,NA,NA,"RP7",0,"no",0,0
"RK6","RK6","5EM",2001-04-01,"split",NA,NA,NA,NA,NA,NA,"5EM",1,"no",0,1
"RK6","RK6","RHA",2001-04-01,"split",NA,NA,NA,NA,NA,NA,"RHA",1,"split_from_multiple",0,1
"RK7","RK7","TAH",2003-04-01,"name_change",NA,NA,NA,NA,NA,NA,"TAH",0,"no",0,0
"RKA","RKA","RYA",2006-07-01,"merger",NA,NA,NA,NA,NA,NA,"RYA",0,"no",0,0
"RKC","RKC","RWW",2001-04-01,"merger",NA,NA,NA,NA,NA,NA,"RWW",0,"no",0,0
"RKD","RKD","RYE",2006-07-01,"merger",NA,NA,NA,NA,NA,NA,"RYE",0,"no",1,1
"RKF","RKF","RXW",2003-10-01,"merger",NA,NA,NA,NA,NA,NA,"RXW",0,"no",0,0
"RKX","RKX","RXM",2002-04-01,"merger",NA,NA,NA,NA,NA,NA,"RXM",0,"no",0,0
"RL5","RL5","RYA",2006-07-01,"merger",NA,NA,NA,NA,NA,NA,"RYA",0,"no",0,0
"RL6","RL6","RYA",2006-07-01,"merger",NA,NA,NA,NA,NA,NA,"RYA",0,"no",0,0
"RLF","RLF","RNN",2001-04-01,"merger",NA,NA,NA,NA,NA,NA,"RNN",0,"no",1,1
"RLG","RLG","RNL",2001-04-01,"merger",NA,NA,NA,NA,NA,NA,"RNL",0,"no",1,1
"RLH","RLH","RW9",2002-04-01,"name_change","RX4",2006-04-01,"name_change",NA,NA,NA,"RX4",0,"no",0,0
"RLR","RLR","RWP",2000-04-01,"merger",NA,NA,NA,NA,NA,NA,"RWP",0,"no",1,1
"RLU","RLU","RQ3",2017-02-01,"name_change",NA,NA,NA,NA,NA,NA,"RQ3",0,"no",0,0
"RLW","RLW","RXK",2002-04-01,"merger",NA,NA,NA,NA,NA,NA,"RXK",0,"no",0,0
"RLZ","RLZ","RXW",2003-10-01,"merger",NA,NA,NA,NA,NA,NA,"RXW",0,"no",0,0
"RM2","RM2","R0A",2017-10-01,"name_change",NA,NA,NA,NA,NA,NA,"R0A",0,"no",0,0
"RM4","RM4","RW3",2012-04-01,"merger","R0A",2017-10-01,"name_change",NA,NA,NA,"R0A",0,"no",0,0
"RM6","RM6","RX4",2006-04-01,"merger",NA,NA,NA,NA,NA,NA,"RX4",0,"no",0,0
"RM9","RM9","RWP",2000-04-01,"merger",NA,NA,NA,NA,NA,NA,"RWP",0,"no",1,1
"RMA","RMA","RX7",2006-07-01,"merger",NA,NA,NA,NA,NA,NA,"RX7",0,"no",0,0
"RMB","RMB","RXR",2003-04-01,"merger",NA,NA,NA,NA,NA,NA,"RXR",0,"no",0,0
"RMD","RMD","RX7",2006-07-01,"merger",NA,NA,NA,NA,NA,NA,"RX7",0,"no",0,0
"RME","RME","5CC",2002-04-01,"split","TAP",2010-04-01,"name_change",NA,NA,NA,"TAP",1,"later_name_change",0,1
"RME","RME","RW5",2002-04-01,"split",NA,NA,NA,NA,NA,NA,"RW5",1,"split_from_multiple",0,1
"RMF","RMF","RXN",2002-08-01,"merger",NA,NA,NA,NA,NA,NA,"RXN",0,"no",1,1
"RMG","RMG","RW5",2002-04-01,"merger",NA,NA,NA,NA,NA,NA,"RW5",0,"no",1,1
"RMH","RMH","RXV",2003-04-01,"merger",NA,NA,NA,NA,NA,NA,"RXV",0,"no",0,0
"RMJ","RMJ","5F5",2001-04-01,"name_change",NA,NA,NA,NA,NA,NA,"5F5",0,"no",0,0
"RMK","RMK","RW6",2002-04-01,"merger",NA,NA,NA,NA,NA,NA,"RW6",0,"no",1,1
"RML","RML","RXL",2002-04-01,"split",NA,NA,NA,NA,NA,NA,"RXL",1,"no",0,1
"RML","RML","5HP",2002-04-01,"split",NA,NA,NA,NA,NA,NA,"5HP",1,"no",0,0
"RML","RML","RW5",2002-04-01,"split",NA,NA,NA,NA,NA,NA,"RW5",1,"split_from_multiple",0,1
"RMM","RMM","5HQ",2002-04-01,"split",NA,NA,NA,NA,NA,NA,"5HQ",1,"no",0,0
"RMM","RMM","RTV",2002-04-01,"split",NA,NA,NA,NA,NA,NA,"RTV",1,"split_from_multiple",0,1
"RMN","RMN","RT2",2002-04-01,"split",NA,NA,NA,NA,NA,NA,"RT2",1,"split_from_multiple",0,1
"RMN","RMN","5JX",2002-04-01,"split",NA,NA,NA,NA,NA,NA,"5JX",1,"no",0,0
"RMN","RMN","RW6",2002-04-01,"split",NA,NA,NA,NA,NA,NA,"RW6",1,"split_from_multiple",0,1
"RMQ","RMQ","RT2",2002-04-01,"merger",NA,NA,NA,NA,NA,NA,"RT2",0,"no",1,1
"RMR","RMR","RXL",2002-04-01,"merger",NA,NA,NA,NA,NA,NA,"RXL",0,"no",1,1
"RMS","RMS","RWJ",2000-04-01,"merger",NA,NA,NA,NA,NA,NA,"RWJ",0,"no",0,0
"RMT","RMT","RWJ",2000-04-01,"merger",NA,NA,NA,NA,NA,NA,"RWJ",0,"no",0,0
"RMW","RMW","RXF",2002-04-01,"split",NA,NA,NA,NA,NA,NA,"RXF",1,"no",0,1
"RMW","RMW","RXG",2002-04-01,"split",NA,NA,NA,NA,NA,NA,"RXG",1,"no",0,1
"RMZ","RMZ","RYC",2006-07-01,"merger",NA,NA,NA,NA,NA,NA,"RYC",0,"no",0,0
"RN4","RN4","RW1",2002-04-01,"split",NA,NA,NA,NA,NA,NA,"RW1",1,"split_from_multiple",0,1
"RN4","RN4","5FE",2002-04-01,"split",NA,NA,NA,NA,NA,NA,"5FE",1,"no",0,0
"RNB","RNB","5MD",2002-04-01,"name_change",NA,NA,NA,NA,NA,NA,"5MD",0,"no",0,0
"RND","RND","RXT",2003-04-01,"merger",NA,NA,NA,NA,NA,NA,"RXT",0,"no",0,0
"RNE","RNE","RXK",2002-04-01,"merger",NA,NA,NA,NA,NA,NA,"RXK",0,"no",0,0
"RNF","RNF","RXT",2003-04-01,"merger",NA,NA,NA,NA,NA,NA,"RXT",0,"no",0,0
"RNG","RNG","RRE",2001-04-01,"merger",NA,NA,NA,NA,NA,NA,"RRE",0,"no",0,0
"RNH","RNH","R1H",2012-04-01,"merger",NA,NA,NA,NA,NA,NA,"R1H",0,"no",1,1
"RNJ","RNJ","R1H",2012-04-01,"merger",NA,NA,NA,NA,NA,NA,"R1H",0,"no",1,1
"RNM","RNM","5D8",2001-04-01,"split",NA,NA,NA,NA,NA,NA,"5D8",1,"no",0,0
"RNM","RNM","5D7",2001-04-01,"split",NA,NA,NA,NA,NA,NA,"5D7",1,"no",0,0
"RNP","RNP","RX4",2006-04-01,"merger",NA,NA,NA,NA,NA,NA,"RX4",0,"no",0,0
"RNR","RNR","RP1",2001-04-01,"merger",NA,NA,NA,NA,NA,NA,"RP1",0,"no",0,0
"RNT","RNT","RXQ",2003-04-01,"merger",NA,NA,NA,NA,NA,NA,"RXQ",0,"no",0,0
"RNW","RNW","RP1",2001-04-01,"merger",NA,NA,NA,NA,NA,NA,"RP1",0,"no",0,0
"RNY","RNY","RYE",2006-07-01,"merger",NA,NA,NA,NA,NA,NA,"RYE",0,"no",1,1
"RP2","RP2","5C9",2001-04-01,"split",NA,NA,NA,NA,NA,NA,"5C9",1,"no",0,0
"RP2","RP2","RRP",2001-04-01,"split",NA,NA,NA,NA,NA,NA,"RRP",1,"split_from_multiple",0,1
"RP3","RP3","RRD",2001-04-01,"merger","R1L",2017-04-01,"merger",NA,NA,NA,"R1L",0,"no",0,0
"RPD","RPD","RWF",2000-04-01,"merger",NA,NA,NA,NA,NA,NA,"RWF",0,"no",0,0
"RPH","RPH","RYD",2006-07-01,"merger",NA,NA,NA,NA,NA,NA,"RYD",0,"no",0,0
"RPK","RPK","RW8",2002-04-01,"merger","RX2",2006-04-01,"merger",NA,NA,NA,"RX2",0,"no",1,1
"RPL","RPL","RYR",2009-04-01,"merger",NA,NA,NA,NA,NA,NA,"RYR",0,"no",0,0
"RPN","RPN","5A5",2001-04-01,"name_change",NA,NA,NA,NA,NA,NA,"5A5",0,"no",0,0
"RPQ","RPQ","RYD",2006-07-01,"merger",NA,NA,NA,NA,NA,NA,"RYD",0,"no",0,0
"RPR","RPR","RYR",2009-04-01,"merger",NA,NA,NA,NA,NA,NA,"RYR",0,"no",0,0
"RPS","RPS","RXH",2002-04-01,"split",NA,NA,NA,NA,NA,NA,"RXH",1,"no",0,1
"RPS","RPS","RW8",2002-04-01,"split","RX2",2006-04-01,"merger",NA,NA,NA,"RX2",1,"later_merger",0,1
"RPV","RPV","5H1",2002-04-01,"name_change",NA,NA,NA,NA,NA,NA,"5H1",0,"no",0,0
"RPW","RPW","RWG",2000-04-01,"merger",NA,NA,NA,NA,NA,NA,"RWG",0,"no",0,0
"RQ2","RQ2","RYD",2006-07-01,"merger",NA,NA,NA,NA,NA,NA,"RYD",0,"no",0,0
"RQ4","RQ4","TAJ",2003-04-01,"name_change",NA,NA,NA,NA,NA,NA,"TAJ",0,"no",0,0
"RQ5","RQ5","5MV",2003-04-01,"name_change",NA,NA,NA,NA,NA,NA,"5MV",0,"no",0,0
"RQ7","RQ7","RW3",2001-04-01,"merger","R0A",2017-10-01,"name_change",NA,NA,NA,"R0A",0,"no",0,0
"RQJ","RQJ","RWR",2001-04-01,"merger",NA,NA,NA,NA,NA,NA,"RWR",0,"no",0,0
"RQK","RQK","5AT",2002-04-01,"split",NA,NA,NA,NA,NA,NA,"5AT",1,"no",0,0
"RQK","RQK","RV3",2002-04-01,"split",NA,NA,NA,NA,NA,NA,"RV3",1,"no",0,0
"RQK","RQK","5K6",2002-04-01,"split",NA,NA,NA,NA,NA,NA,"5K6",1,"no",0,0
"RQL","RQL","RWG",2000-04-01,"merger",NA,NA,NA,NA,NA,NA,"RWG",0,"no",0,0
"RQN","RQN","RYJ",2007-10-01,"merger",NA,NA,NA,NA,NA,NA,"RYJ",0,"no",0,0
"RQQ","RQQ","RGN",2017-04-01,"name_change",NA,NA,NA,NA,NA,NA,"RGN",0,"no",0,0
"RQU","RQU","RWD",2000-04-01,"merger",NA,NA,NA,NA,NA,NA,"RWD",0,"no",0,0
"RQV","RQV","RRD",2001-04-01,"merger","R1L",2017-04-01,"merger",NA,NA,NA,"R1L",0,"no",0,0
"RR2","RR2","5QT",2006-10-01,"merger",NA,NA,NA,NA,NA,NA,"5QT",0,"no",0,0
"RR4","RR4","RXF",2002-04-01,"merger",NA,NA,NA,NA,NA,NA,"RXF",0,"no",1,1
"RR5","RR5","RXA",2002-04-01,"merger",NA,NA,NA,NA,NA,NA,"RXA",0,"no",0,0
"RR9","RR9","RXP",2002-10-01,"merger",NA,NA,NA,NA,NA,NA,"RXP",0,"no",0,0
"RRG","RRG","RWK",2001-04-01,"split",NA,NA,NA,NA,NA,NA,"RWK",1,"split_from_multiple",0,1
"RRG","RRG","5C4",2001-04-01,"split",NA,NA,NA,NA,NA,NA,"5C4",1,"no",0,0
"RRH","RRH","5C5",2001-04-01,"split",NA,NA,NA,NA,NA,NA,"5C5",1,"no",0,0
"RRH","RRH","RWK",2001-04-01,"split",NA,NA,NA,NA,NA,NA,"RWK",1,"split_from_multiple",0,1
"RRL","RRL","RWK",2001-04-01,"split",NA,NA,NA,NA,NA,NA,"RWK",1,"split_from_multiple",0,1
"RRL","RRL","5C3",2001-04-01,"split",NA,NA,NA,NA,NA,NA,"5C3",1,"no",0,0
"RRQ","RRQ","TAF",2002-04-01,"name_change",NA,NA,NA,NA,NA,NA,"TAF",0,"no",0,0
"RRX","RRX","RWD",2000-04-01,"merger",NA,NA,NA,NA,NA,NA,"RWD",0,"no",0,0
"RRZ","RRZ","RWQ",2000-04-01,"merger","R1A",2011-07-01,"name_change",NA,NA,NA,"R1A",0,"no",1,1
"RT6","RT6","RMY",2012-01-01,"name_change",NA,NA,NA,NA,NA,NA,"RMY",0,"no",0,0
"RT7","RT7","7A1",2009-10-01,"merger",NA,NA,NA,NA,NA,NA,"7A1",0,"no",0,0
"RTA","RTA","RXP",2002-10-01,"merger",NA,NA,NA,NA,NA,NA,"RXP",0,"no",0,0
"RTC","RTC","RX3",2006-04-01,"merger",NA,NA,NA,NA,NA,NA,"RX3",0,"no",0,0
"RTJ","RTJ","RXX",2005-04-01,"merger",NA,NA,NA,NA,NA,NA,"RXX",0,"no",0,0
"RTM","RTM","RXY",2006-04-01,"merger",NA,NA,NA,NA,NA,NA,"RXY",0,"no",0,0
"RTN","RTN","RXX",2005-04-01,"merger",NA,NA,NA,NA,NA,NA,"RXX",0,"no",0,0
"RTW","RTW","5M2",2002-04-01,"split",NA,NA,NA,NA,NA,NA,"5M2",1,"no",0,0
"RTW","RTW","5MK",2002-04-01,"split",NA,NA,NA,NA,NA,NA,"5MK",1,"no",0,0
"RV1","RV1","RX6",2006-07-01,"split",NA,NA,NA,NA,NA,NA,"RX6",1,"no",0,1
"RV1","RV1","RX8",2006-07-01,"split",NA,NA,NA,NA,NA,NA,"RX8",1,"no",0,1
"RV2","RV2","RKL",2001-04-01,"name_change",NA,NA,NA,NA,NA,NA,"RKL",0,"no",0,0
"RV4","RV4","5LF",2002-04-01,"split",NA,NA,NA,NA,NA,NA,"5LF",1,"no",0,0
"RV4","RV4","5LE",2002-04-01,"split",NA,NA,NA,NA,NA,NA,"5LE",1,"no",0,0
"RV4","RV4","5LD",2002-04-01,"split",NA,NA,NA,NA,NA,NA,"5LD",1,"no",0,0
"RV6","RV6","RX9",2006-07-01,"merger",NA,NA,NA,NA,NA,NA,"RX9",0,"no",1,1
"RV7","RV7","RWN",2010-04-01,"merger","R1L",2017-04-01,"merger",NA,NA,NA,"R1L",0,"no",0,0
"RV8","RV8","R1K",2014-10-01,"merger",NA,NA,NA,NA,NA,NA,"R1K",0,"no",0,0
"RVF","RVF","7A6",2009-10-01,"merger",NA,NA,NA,NA,NA,NA,"7A6",0,"no",0,0
"RVK","RVK","RX6",2006-07-01,"merger",NA,NA,NA,NA,NA,NA,"RX6",0,"no",1,1
"RVL","RVL","RAL",2014-07-02,"name_change",NA,NA,NA,NA,NA,NA,"RAL",0,"no",0,0
"RVM","RVM","5LG",2002-04-01,"split",NA,NA,NA,NA,NA,NA,"5LG",1,"no",0,0
"RVM","RVM","5M6",2002-04-01,"split",NA,NA,NA,NA,NA,NA,"5M6",1,"no",0,1
"RVM","RVM","5M7",2002-04-01,"split",NA,NA,NA,NA,NA,NA,"5M7",1,"no",0,1
"RVP","RVP","RP7",2001-04-01,"merger",NA,NA,NA,NA,NA,NA,"RP7",0,"no",0,0
"RVQ","RVQ","5K3",2002-04-01,"name_change",NA,NA,NA,NA,NA,NA,"5K3",0,"no",0,0
"RVT","RVT","RW4",2002-04-01,"split",NA,NA,NA,NA,NA,NA,"RW4",1,"no",0,1
"RVT","RVT","RW5",2002-04-01,"split",NA,NA,NA,NA,NA,NA,"RW5",1,"split_from_multiple",0,1
"RVX","RVX","RX3",2006-04-01,"merger",NA,NA,NA,NA,NA,NA,"RX3",0,"no",0,0
"RW2","RW2","RXM",2002-04-01,"merger",NA,NA,NA,NA,NA,NA,"RXM",0,"no",0,0
"RW7","RW7","RXX",2005-04-01,"merger",NA,NA,NA,NA,NA,NA,"RXX",0,"no",0,0
"RWC","RWC","RXE",2004-04-01,"name_change",NA,NA,NA,NA,NA,NA,"RXE",0,"no",0,0
"RWL","RWL","5M1",2002-04-01,"split",NA,NA,NA,NA,NA,NA,"5M1",1,"no",0,0
"RWL","RWL","5MX",2002-04-01,"split",NA,NA,NA,NA,NA,NA,"5MX",1,"no",0,0
"RWM","RWM","7A4",2009-10-01,"merger",NA,NA,NA,NA,NA,NA,"7A4",0,"no",0,0
"RX5","RX5","RYF",2013-02-01,"merger",NA,NA,NA,NA,NA,NA,"RYF",0,"no",0,0
"RXJ","RXJ","RXY",2006-04-01,"merger",NA,NA,NA,NA,NA,NA,"RXY",0,"no",0,0
"RY1","RY1","RW4",2018-03-31,"merger",NA,NA,NA,NA,NA,NA,"RW4",0,"no",1,1
"RYL","RYL","7A5",2009-10-01,"merger",NA,NA,NA,NA,NA,NA,"7A5",0,"no",0,0
"RYM","RYM","7A3",2009-10-01,"merger",NA,NA,NA,NA,NA,NA,"7A3",0,"no",0,0
"RYN","RYN","7A2",2009-10-01,"merger",NA,NA,NA,NA,NA,NA,"7A2",0,"no",0,0
"RYP","RYP","7A1",2009-10-01,"merger",NA,NA,NA,NA,NA,NA,"7A1",0,"no",0,0
"TAE","TAE","RXV",2017-01-01,"merger",NA,NA,NA,NA,NA,NA,"RXV",0,"no",0,0
"TAG","TAG","5PX",2006-10-01,"merger",NA,NA,NA,NA,NA,NA,"5PX",0,"no",0,0
"X01","X01","T145D",2006-04-01,"name_change",NA,NA,NA,NA,NA,NA,"T145D",0,"no",0,0
"X03","X03","8HN02",2009-04-01,"name_change",NA,NA,NA,NA,NA,NA,"8HN02",0,"no",0,0
"X09","X09","X26",2013-04-01,"name_change",NA,NA,NA,NA,NA,NA,"X26",0,"no",0,0
"Y41","Y41","Y51",2007-04-01,"merger",NA,NA,NA,NA,NA,NA,"Y51",0,"no",0,0
"Y42","Y42","Y51",2007-04-01,"merger",NA,NA,NA,NA,NA,NA,"Y51",0,"no",0,0
"Y43","Y43","Y51",2007-04-01,"merger",NA,NA,NA,NA,NA,NA,"Y51",0,"no",0,0
"Y44","Y44","Y52",2007-04-01,"name_change",NA,NA,NA,NA,NA,NA,"Y52",0,"no",0,0
"Y45","Y45","Y53",2007-04-01,"name_change",NA,NA,NA,NA,NA,NA,"Y53",0,"no",0,0
"YAL","YAL","YDD55",2003-04-01,"name_change",NA,NA,NA,NA,NA,NA,"YDD55",0,"no",0,0
